Question,Response
How do social interactions impact your mental well-being?,"Positive social interactions significantly boost my mental well-being by making me feel supported, connected, and understood, while negative or isolating interactions tend to increase feelings of stress or loneliness."
How do you typically manage stress when it becomes overwhelming?,"When stress becomes overwhelming, I usually manage it by taking deep breaths, stepping away from the situation for a short walk or break, talking to someone I trust, or journaling my thoughts to release mental pressure."
"What setbacks have impacted your motivation, and how did you handle them?","One major setback that impacted my motivation was facing academic failure despite putting in a lot of effort; I handled it by reflecting on what went wrong, seeking feedback, and creating a better plan with smaller goals to stay on track"
How does financial stress affect your daily life and mental health?,"Financial stress often creates a constant background worry that affects my ability to focus, sleep well, and feel at ease, making me anxious about the future and limiting my ability to fully enjoy the present."
What support systems do you rely on when struggling with academics?,"To support my emotional well-being, I try to maintain a regular routine, exercise, stay connected with loved ones, and practice mindfulness through short meditations or gratitude journaling."
"How do you define success, and how does this definition impact your mental well-being?","I define success as achieving personal growth, maintaining balance in life, and staying true to my values; this perspective helps reduce pressure and allows me to celebrate small wins without feeling constantly overwhelmed."
How do you stay motivated when facing challenges in your studies or life?,"I stay motivated by reminding myself of my long-term goals, breaking tasks into smaller, achievable steps, and drawing strength from past accomplishments and the support of loved ones."
What barriers (if any) prevent you from seeking help when you need it?,"Sometimes I hesitate to seek help due to the fear of being judged or misunderstood, and other times it's simply difficult to recognize when I truly need support until the stress becomes too much."
What lifestyle habits do you find helpful in maintaining both physical and mental health?,"Regular exercise, getting enough sleep, eating balanced meals, limiting screen time, and practicing mindfulness are habits that help me maintain both physical and mental well-being."
How do you feel when your sleep schedule is disrupted?,"When my sleep schedule is disrupted, I usually feel tired, irritable, and mentally foggy throughout the day, which makes it harder to focus, stay motivated, and manage stress effectively."
